{"cameraMode":{"drawMode":0,"name":"Shaded","section":"Shading Mode"},"sceneLighting":true,"audioPlay":false,"sceneViewState":{"showFog":true,"showMaterialUpdate":false,"showSkybox":true,"showFlares":true,"showImageEffects":true,"showParticleSystems":true},"in2DMode":false,"pivot":{"x":-1.5817089080810547,"y":0.13805198669433595,"z":-1.4277927875518799},"rotation":{"x":-0.25535985827445986,"y":0.6523982882499695,"z":-0.24915359914302827,"w":-0.6686496734619141},"size":21.224349975585939,"orthographic":false}